epoch,train_loss,train_acc,val_loss,val_acc,precision,recall,f1,gmean,val_bal_acc,val_kappa,lr
1,0.4076336627205213,0.9589525831564049,0.3213666965468572,0.8955042527339003,0.8940886699507389,0.8162393162393162,0.7875422297297296,0.7174550445204634,0.8162393162393162,0.8291154215738823,0.0001
2,0.054817065151615274,0.997169143665959,0.015069766787256902,0.9987849331713244,0.9978813559322034,0.9978632478632479,0.9978632088393754,0.9978573649584248,0.9978632478632479,0.9980129700183009,9.984740801978984e-05
3,0.03798170180784331,0.9978768577494692,0.027969849329495516,0.9963547995139733,0.9937146892655367,0.9935897435897436,0.9935885766298782,0.993528168079408,0.9935897435897436,0.9940388812701602,9.939057285945931e-05
4,0.031129872338432403,0.997169143665959,0.009549310280328007,1.0,1.0,1.0,1.0,1.000001,1.0,1.0,9.863231105968498e-05
5,0.030517912211103573,0.9950460014154282,0.052338512214751415,0.9854191980558931,0.9758625213170669,0.9743589743589743,0.9740880845027421,0.9733102702773688,0.9743589743589743,0.9761551796570557,9.75772975566101e-05
6,0.005029819026175473,1.0,0.0039742683774630465,1.0,1.0,1.0,1.0,1.000001,1.0,1.0,9.623203685930868e-05
7,0.004436483908082462,0.9992922859164898,0.0013961226599908865,1.0,1.0,1.0,1.0,1.000001,1.0,1.0,9.46048229473242e-05
8,0.0015657971541966414,1.0,0.00046012532458497357,1.0,1.0,1.0,1.0,1.000001,1.0,1.0,9.270568813552755e-05
9,0.0018592112231999637,1.0,0.00037671879370184167,1.0,1.0,1.0,1.0,1.000001,1.0,1.0,9.054634122155989e-05
10,0.02633212321412025,0.9992922859164898,0.3630312777969581,0.8955042527339003,0.8940886699507389,0.8162393162393162,0.7875422297297296,0.7174550445204634,0.8162393162393162,0.8291154215738823,8.814009529720152e-05
