tf,temporal,combo,tf_label,te_label,acc,precision,recall,f1,gmean,bal_acc,kappa,auc,params,flops
mel,gadf,mel_gadf,Mel,GADF,0.998303647158609,0.9988059701492539,0.997979797979798,0.9983859691783945,0.9979725857338783,0.997979797979798,0.9978557983468369,1.0,26820709,15946682181
mel,gasf,mel_gasf,Mel,GASF,0.9957591178965225,0.9960494487777576,0.994949494949495,0.9954601000971479,0.9948986929109239,0.994949494949495,0.9946392326327506,0.9999689691406782,26820709,15946682181
mel,mtf,mel_mtf,Mel,MTF,0.9991518235793045,0.9989949748743718,0.9993993993993995,0.9991954697827694,0.9993996766553259,0.9993993993993995,0.9989282938601873,1.0,26820709,15946682181
mel,rp,mel_rp,Mel,RP,1.0,1.0,1.0,1.0,1.000001,1.0,1.0,1.0,26820709,15946682181
stft,gadf,stft_gadf,STFT,GADF,1.0,1.0,1.0,1.0,1.000001,1.0,1.0,1.0,26820709,15946682181
stft,gasf,stft_gasf,STFT,GASF,0.998303647158609,0.9988059701492539,0.997979797979798,0.9983859691783945,0.9979725857338783,0.997979797979798,0.9978557983468369,0.9999881425738671,26820709,15946682181
stft,mtf,stft_mtf,STFT,MTF,1.0,1.0,1.0,1.0,1.000001,1.0,1.0,1.0,26820709,15946682181
stft,rp,stft_rp,STFT,RP,0.9991518235793045,0.9989949748743718,0.9993993993993995,0.9991954697827694,0.9993996766553259,0.9993993993993995,0.9989282938601873,1.0,26820709,15946682181
cwt,gadf,cwt_gadf,CWT,GADF,1.0,1.0,1.0,1.0,1.000001,1.0,1.0,1.0,26820709,15946682181
cwt,gasf,cwt_gasf,CWT,GASF,0.996607294317218,0.997626112759644,0.9959595959595958,0.9967651538227231,0.9959275448252721,0.9959595959595958,0.9957105435494433,0.9999911421604442,26820709,15946682181
cwt,mtf,cwt_mtf,CWT,MTF,1.0,1.0,1.0,1.0,1.000001,1.0,1.0,1.0,26820709,15946682181
cwt,rp,cwt_rp,CWT,RP,1.0,1.0,1.0,1.0,1.000001,1.0,1.0,1.0,26820709,15946682181
