epoch,train_loss,train_acc,val_loss,val_acc,precision,recall,f1,gmean,val_bal_acc,val_kappa,val_auc,lr
1,1.5742979682981968,0.517162471395881,0.8437414283398539,0.8011772400261609,0.7644685556832835,0.814532533117476,0.7531387691391906,0.6227748296828386,0.814532533117476,0.7711480165449168,0.9783203334468606,0.0001
2,0.5073228487744927,0.9359267734553776,0.3812705175951123,0.9064748201438849,0.9218110659147737,0.8777777777777779,0.8562842995143256,0.7744478044497705,0.8777777777777779,0.8901333743360301,0.9985465755716108,0.0001
3,0.19723826367408037,0.9898659692710036,0.28995549275229376,0.973839110529758,0.9707564520501288,0.9658119658119659,0.9648961271527311,0.9615479661676796,0.9658119658119659,0.9692690958953943,0.9990455143648884,0.0001
4,0.1402390266302973,0.9915004903563256,0.18817435872430602,0.9718770438194899,0.9666872503797362,0.9632478632478634,0.9615462442032451,0.9585471232474214,0.9632478632478634,0.9669645768735456,0.9999600776199067,0.0001
5,0.09290635725483298,0.9937888198757764,0.34252972317820723,0.9280575539568345,0.9419159544159544,0.905982905982906,0.8978419545434158,0.8639904874345655,0.905982905982906,0.9154873384265038,0.9903525738243951,0.0001
6,0.06611793321402122,0.9990192873488069,0.1638976537894147,0.9620667102681492,0.9615434062788968,0.9504273504273504,0.945521260943664,0.9338284305905993,0.9504273504273504,0.9554398084176062,0.9999909203166993,0.0001
7,0.04702954440532873,0.9990192873488069,0.12138527419786745,0.9744931327665141,0.9722817940735616,0.9666666666666666,0.9649273681549877,0.960265509069933,0.9666666666666666,0.9700373383874902,0.9999585525783443,0.0001
8,0.04528966256960606,0.998365478914678,0.11558564883307554,0.9771092217135383,0.9730839615197354,0.9701071997682167,0.9691173221318227,0.9669045728719172,0.9701071997682167,0.9731107426389307,0.9999061766058933,0.0001
9,0.04262426916587477,0.9990192873488069,0.0837873150400507,0.9843034663178548,0.9810778440656615,0.9794871794871796,0.9788528088608291,0.9775114591338118,0.9794871794871796,0.9815616057722987,0.9999854913243386,0.0001
10,0.03422000021479713,0.9977116704805492,0.3178796469825708,0.9280575539568345,0.9317337507812125,0.9059973924380704,0.8741285089289466,0.7724446896136329,0.9059973924380704,0.9154895890750987,0.9945745920541669,0.0001
11,0.0461179002498587,0.9964040536122916,0.07449668093856114,0.9882275997383911,0.985720082695462,0.9846153846153847,0.9842719999904306,0.9834343544196,0.9846153846153847,0.9861712390714501,0.999987903164409,0.0001
12,0.030380793963558972,0.9986923831317424,0.05326904301909963,0.9862655330281229,0.9833024040830131,0.9820512820512821,0.9815151547135159,0.9804128186860189,0.9820512820512821,0.9838663888376655,1.0,0.0001
13,0.04073431691116033,0.9960771493952272,0.04935386393723699,0.9921517331589274,0.9898717948717948,0.9897870491090831,0.9897314536500007,0.9895728061659388,0.9897870491090831,0.9907808816347203,0.9999268136742341,0.0001
14,0.030695096832156803,0.998365478914678,0.05223791320410479,0.9849574885546108,0.9827839292341952,0.9803418803418804,0.9800511218682171,0.9785464186718195,0.9803418803418804,0.9823298011694378,0.9999948548461296,0.0001
15,0.040566829877207056,0.9954233409610984,0.13577840540286465,0.9594506213211249,0.9553217847335495,0.947008547008547,0.9397796424851682,0.927295529447425,0.947008547008547,0.9523670268358175,0.9999539962712767,0.0001
16,0.019305149229088176,0.9996730957829356,0.05025627366800715,0.9856115107913669,0.9836313868613139,0.9811965811965813,0.980905838332467,0.9793867375952013,0.9811965811965813,0.9830980706838102,0.9999924335972494,0.0001
17,0.01251762568911848,0.9996730957829356,0.04363869245935348,0.9882275997383911,0.9862218045112782,0.9846153846153847,0.9844247482643267,0.9834343544196,0.9846153846153847,0.9861711765353175,0.9999951575022397,0.0001
18,0.010186612814626036,1.0,0.034722887528914725,0.9921517331589274,0.9903016393442623,0.9897435897435898,0.9896218859491756,0.9892379823480698,0.9897435897435898,0.990780821415346,1.0,0.0001
19,0.012655742767189318,0.9990192873488069,0.050502076212675696,0.9856115107913669,0.9840446287038166,0.9811965811965813,0.9810259033688595,0.9793867375952013,0.9811965811965813,0.9830980536985255,0.9999891043800393,5e-05
20,0.010453526316268835,0.9996730957829356,0.03548954730043382,0.9908436886854153,0.9893939393939395,0.9880341880341881,0.9880363636363636,0.9873373732700804,0.9880341880341881,0.9892442538207369,0.9999939468777995,5e-05
21,0.008751199197528573,1.0,0.025279218822106486,0.9934597776324395,0.992065928199653,0.9914529914529915,0.9914367129830655,0.9911062844672559,0.9914529914529915,0.9923173434589642,0.99999818406334,5e-05
22,0.008784068447615331,1.0,0.03134328763674906,0.9914977109221713,0.9900763358778626,0.9888888888888889,0.9888967635246869,0.9882917897653043,0.9888888888888889,0.9900125264233167,0.9999975787511198,5e-05
23,0.007805919531771603,1.0,0.0322564111641744,0.9908436886854153,0.9893939393939395,0.9880341880341881,0.9880363636363636,0.9873373732700804,0.9880341880341881,0.9892442538207369,0.9999963681266797,5e-05
24,0.007299633112173372,1.0,0.029460909249489003,0.9934597776324395,0.9918555051986138,0.9914529914529915,0.9913757031738315,0.9911062844672559,0.9914529914529915,0.9923173550396945,0.9999912229728093,5e-05
25,0.007719717298944791,0.9996730957829356,0.029860407861027245,0.9921517331589274,0.9906254105899356,0.9897435897435898,0.9897156213841545,0.9892379823480698,0.9897435897435898,0.9907808028861493,0.9999673131401178,5e-05
26,0.01074326824649082,0.9990192873488069,0.03644348854989706,0.9908436886854153,0.9888817148760332,0.9880341880341881,0.9878906507170495,0.9873373732700804,0.9880341880341881,0.989244275438198,0.9999845645383889,5e-05
27,0.015008958825395288,0.998365478914678,0.02904779253003653,0.9921517331589274,0.9905068277310924,0.9897435897435898,0.9897255817471097,0.9893265229485394,0.9897435897435898,0.9907808075184554,0.9999927362533594,2.5e-05
28,0.008212842398885792,1.0,0.06127430484048091,0.9823413996075867,0.9798620850864891,0.976923076923077,0.9762394574237778,0.9741057615827519,0.976923076923077,0.9792567126891657,0.9999757875111982,2.5e-05
29,0.007536581719856865,1.0,0.02833654069642459,0.9928057553956835,0.9911226637547674,0.9905982905982906,0.9905155865073885,0.9901760992003903,0.9905982905982906,0.9915490820511326,0.9999993946877799,2.5e-05
30,0.0067493796317042625,0.9996730957829356,0.026668441229048767,0.9928057553956835,0.9911226637547674,0.9905982905982906,0.9905155865073885,0.9901760992003903,0.9905982905982906,0.9915490820511326,0.9999969734388998,2.5e-05
