model,snr,accuracy,f1,auc,loss
msca-vgg16,clean,95.12,92.9,99.89,0.1672
msca-vgg16,5.0 dB,92.88,89.4,99.75,0.2419
msca-vgg16,10.0 dB,93.93,90.68,99.87,0.1883
msca-vgg16,15.0 dB,94.72,92.22,99.86,0.1762
msca-vgg16,20.0 dB,94.85,92.45,99.87,0.1714
msca-vgg16,25.0 dB,95.12,92.9,99.88,0.1681
msca-vgg16,30.0 dB,95.25,93.13,99.88,0.1675
convnext-tiny,clean,76.39,65.95,97.09,1.0831
convnext-tiny,5.0 dB,78.5,68.81,96.81,0.9435
convnext-tiny,10.0 dB,77.97,68.61,97.04,0.9986
convnext-tiny,15.0 dB,77.04,67.09,97.12,1.044
convnext-tiny,20.0 dB,76.39,65.95,97.09,1.0714
convnext-tiny,25.0 dB,76.65,66.39,97.1,1.0781
convnext-tiny,30.0 dB,76.39,65.95,97.1,1.0808
efficientnet-b0,clean,91.03,86.76,98.89,0.2889
efficientnet-b0,5.0 dB,14.12,4.09,52.59,5.6011
efficientnet-b0,10.0 dB,75.33,63.49,96.46,0.7807
efficientnet-b0,15.0 dB,88.39,82.91,98.67,0.3458
efficientnet-b0,20.0 dB,91.03,86.86,98.85,0.2997
efficientnet-b0,25.0 dB,90.77,86.32,98.87,0.2968
efficientnet-b0,30.0 dB,91.29,87.16,98.92,0.2858
mobilenetv3_small,clean,84.7,79.27,98.19,0.4473
mobilenetv3_small,5.0 dB,56.86,45.45,87.35,1.3386
mobilenetv3_small,10.0 dB,72.56,62.76,96.23,0.7268
mobilenetv3_small,15.0 dB,83.64,78.35,98.03,0.4566
mobilenetv3_small,20.0 dB,84.17,78.89,98.2,0.4494
mobilenetv3_small,25.0 dB,84.04,78.6,98.14,0.4524
mobilenetv3_small,30.0 dB,84.04,78.42,98.22,0.4424
vgg16,clean,94.72,91.9,99.91,0.1338
vgg16,5.0 dB,83.51,74.01,98.94,0.5913
vgg16,10.0 dB,93.67,90.56,99.82,0.1809
vgg16,15.0 dB,94.46,91.52,99.88,0.1486
vgg16,20.0 dB,94.59,91.71,99.9,0.1387
vgg16,25.0 dB,94.85,92.15,99.9,0.1356
vgg16,30.0 dB,94.72,91.89,99.9,0.1343
vit,clean,87.99,84.12,99.22,0.3182
vit,5.0 dB,73.75,64.09,97.12,0.884
vit,10.0 dB,85.75,81.35,98.89,0.4167
vit,15.0 dB,87.73,83.8,99.15,0.3305
vit,20.0 dB,88.39,84.67,99.23,0.3183
vit,25.0 dB,87.99,84.03,99.22,0.3168
vit,30.0 dB,88.39,84.64,99.23,0.3167
