exp_id,desc,model,awdpcnn,ms,ca,eh,acc,f1,gmean,kappa,auc
B0,Mel-only,vgg16,none,✗,✗,✗,1.0,1.0,1.000001,1.0,1.0
B1,GADF-only,vgg16,none,✗,✗,✗,0.5893682588597843,0.5543416003687256,0.04452659054737852,0.5471926077819091,0.9135199550236572
B2,Mel+GADF concat (pixel avg),vgg16,concat,✗,✗,✗,0.9992295839753467,0.9991525271568363,0.9991502930929501,0.9991367109351722,1.0
B3,AW-DPCNN γ=1 (equal weight),vgg16,γ=1,✗,✗,✗,0.8805855161787365,0.8452259917754343,0.711703115582282,0.8661913518870152,0.9785897039504869
B4,AW-DPCNN γ=10 — fusion baseline,vgg16,γ=10,✗,✗,✗,0.9530046224961479,0.9443025210084034,0.9298218887532869,0.9473393670455029,0.999924590634875
B5,AW-DPCNN + MS only,msca_vgg16,γ=10,✓,✗,✗,0.9984591679506933,0.9983086000357589,0.9983003098874182,0.9982734218703444,0.9999992818155702
B6,AW-DPCNN + CA only,msca_vgg16,γ=10,✗,✓,✗,0.9591679506933745,0.9536073532552148,0.9481274200780346,0.9542456187024043,0.9998807813846596
B7,AW-DPCNN + EH only,msca_vgg16,γ=10,✗,✗,✓,0.9822804314329738,0.9803215690539634,0.9785535675597117,0.9801443515089601,0.9999992818155702
B8,AW-DPCNN + MSCA-VGG16 (full),msca_vgg16,γ=10,✓,✓,✓,0.9946070878274268,0.994062573004834,0.9939042191131072,0.9939569765462053,0.9999992818155702
